{"lNAa8BqrUZZH+2Q4bQq2zw==":"logo%5B1%5D-122x75.png","uyjmrkjdt1KYqJnBz/CiGw==":"aneikeh-2019-sandales-femmes-mode-pu-couleur-m%C3%A9lang%C3%A9e-mince-talons-hauts-chaussures-pour-femmes-talon-peu%5B1%5D-696x696.jpg","gThpk/PKvlcCoUGYjUa/Pg==":"2019-chaussures-femmes-cheville-bottes-sexy-troupeau-talons-hauts-9-cm-point-zipper-leopard-demi-court-hiver-martin-chaussures-botas-chaussures-femmes-v65dlhavh18-xei0%5B1%5D-640x640.jpg","iVuWBTAiwVUqNDlKmfeDYQ==":"sandales-femmes-nouveau-2019-haute-quqlity-%C3%80-bout-ouvert-stiletto-talons-hauts-d%C3%A9t%C3%A9-dames-parti-stretch-tissu-sandale-chaussures-femmes-mg8tq1ic3yt8-rsy0-640x640.jpg","eF8NZdHNygy6R4T8HaCg3w==":"rush-acheter-sexy-mode-2019-pvc-gel%C3%A9e-sandales-boucle-twining-peep-bout-ouvert-talons-hauts-chaussures-de-femmes-transparent-bande-sandales-femme-pompes-85-h00oi70nl-qng0%5B1%5D-640x640.jpg","4+tLKyiqOLMKo+manPsy8g==":"escarpin-kimber-neon-orange%5B1%5D-458x458.jpg","/DfId430pvWrmRBzrxIZDg==":"sexy-en-plastique-transparent-cheville-sangles-slingbacks-bout-rond-femmes-pompes-talons-hauts-transparent-pvc-couleurs.jpg_640x640%5B1%5D-640x640.jpg","6xmWabes7Q1Bij0vFGjs/Q==":"1489965202546575883%5B1%5D-220x292.jpg","bU6lCWTA5uMO1olW/B99Sw==":"shopping-femme%5B1%5D-1200x800.jpg","XOzJcfJJaGCeu/VKS6ib6g==":"comment-s-habiller-pour-faire-les-soldes-748x372.jpg","2FOFEPvhRl+FURaggzH8nA==":"2-shooping-1700x850.jpg","pcnNQE/RKxanuxR89IiRgw==":"what-should-you-consider-when-buying-clearance-designer-handbags-1920x1200.jpg","sd5ZQ/nCBjma+0vdc8ro0g==":"franc-elis-clothing%5B1%5D-1400x553.jpg"}